ORL Faces Database/s34/7.pgm;0
ORL Faces Database/s34/3.bmp;0
ORL Faces Database/s34/2.bmp;0
ORL Faces Database/s34/6.pgm;0
ORL Faces Database/s34/4.pgm;0
ORL Faces Database/s34/1.bmp;0
ORL Faces Database/s34/5.pgm;0
ORL Faces Database/s34/1.pgm;0
ORL Faces Database/s34/5.bmp;0
ORL Faces Database/s34/4.bmp;0
ORL Faces Database/s34/2.pgm;0
ORL Faces Database/s34/6.bmp;0
ORL Faces Database/s34/7.bmp;0
ORL Faces Database/s34/3.pgm;0
ORL Faces Database/s34/9.bmp;0
ORL Faces Database/s34/8.bmp;0
ORL Faces Database/s34/8.pgm;0
ORL Faces Database/s34/9.pgm;0
ORL Faces Database/s34/10.bmp;0
ORL Faces Database/s34/10.pgm;0
ORL Faces Database/s33/7.pgm;1
ORL Faces Database/s33/3.bmp;1
ORL Faces Database/s33/2.bmp;1
ORL Faces Database/s33/6.pgm;1
ORL Faces Database/s33/4.pgm;1
ORL Faces Database/s33/1.bmp;1
ORL Faces Database/s33/5.pgm;1
ORL Faces Database/s33/1.pgm;1
ORL Faces Database/s33/5.bmp;1
ORL Faces Database/s33/4.bmp;1
ORL Faces Database/s33/2.pgm;1
ORL Faces Database/s33/6.bmp;1
ORL Faces Database/s33/7.bmp;1
ORL Faces Database/s33/3.pgm;1
ORL Faces Database/s33/9.bmp;1
ORL Faces Database/s33/8.bmp;1
ORL Faces Database/s33/8.pgm;1
ORL Faces Database/s33/9.pgm;1
ORL Faces Database/s33/10.bmp;1
ORL Faces Database/s33/10.pgm;1
ORL Faces Database/s2/7.pgm;2
ORL Faces Database/s2/3.bmp;2
ORL Faces Database/s2/2.bmp;2
ORL Faces Database/s2/6.pgm;2
ORL Faces Database/s2/4.pgm;2
ORL Faces Database/s2/1.bmp;2
ORL Faces Database/s2/5.pgm;2
ORL Faces Database/s2/1.pgm;2
ORL Faces Database/s2/5.bmp;2
ORL Faces Database/s2/4.bmp;2
ORL Faces Database/s2/2.pgm;2
ORL Faces Database/s2/6.bmp;2
ORL Faces Database/s2/7.bmp;2
ORL Faces Database/s2/3.pgm;2
ORL Faces Database/s2/9.bmp;2
ORL Faces Database/s2/8.bmp;2
ORL Faces Database/s2/8.pgm;2
ORL Faces Database/s2/9.pgm;2
ORL Faces Database/s2/10.bmp;2
ORL Faces Database/s2/10.pgm;2
ORL Faces Database/s32/7.pgm;3
ORL Faces Database/s32/3.bmp;3
ORL Faces Database/s32/2.bmp;3
ORL Faces Database/s32/6.pgm;3
ORL Faces Database/s32/4.pgm;3
ORL Faces Database/s32/1.bmp;3
ORL Faces Database/s32/5.pgm;3
ORL Faces Database/s32/1.pgm;3
ORL Faces Database/s32/5.bmp;3
ORL Faces Database/s32/4.bmp;3
ORL Faces Database/s32/2.pgm;3
ORL Faces Database/s32/6.bmp;3
ORL Faces Database/s32/7.bmp;3
ORL Faces Database/s32/3.pgm;3
ORL Faces Database/s32/9.bmp;3
ORL Faces Database/s32/8.bmp;3
ORL Faces Database/s32/8.pgm;3
ORL Faces Database/s32/9.pgm;3
ORL Faces Database/s32/10.bmp;3
ORL Faces Database/s32/10.pgm;3
ORL Faces Database/s35/7.pgm;4
ORL Faces Database/s35/3.bmp;4
ORL Faces Database/s35/2.bmp;4
ORL Faces Database/s35/6.pgm;4
ORL Faces Database/s35/4.pgm;4
ORL Faces Database/s35/1.bmp;4
ORL Faces Database/s35/5.pgm;4
ORL Faces Database/s35/1.pgm;4
ORL Faces Database/s35/5.bmp;4
ORL Faces Database/s35/4.bmp;4
ORL Faces Database/s35/2.pgm;4
ORL Faces Database/s35/6.bmp;4
ORL Faces Database/s35/7.bmp;4
ORL Faces Database/s35/3.pgm;4
ORL Faces Database/s35/9.bmp;4
ORL Faces Database/s35/8.bmp;4
ORL Faces Database/s35/8.pgm;4
ORL Faces Database/s35/9.pgm;4
ORL Faces Database/s35/10.bmp;4
ORL Faces Database/s35/10.pgm;4
ORL Faces Database/s3/7.pgm;5
ORL Faces Database/s3/3.bmp;5
ORL Faces Database/s3/2.bmp;5
ORL Faces Database/s3/6.pgm;5
ORL Faces Database/s3/4.pgm;5
ORL Faces Database/s3/1.bmp;5
ORL Faces Database/s3/5.pgm;5
ORL Faces Database/s3/1.pgm;5
ORL Faces Database/s3/5.bmp;5
ORL Faces Database/s3/4.bmp;5
ORL Faces Database/s3/2.pgm;5
ORL Faces Database/s3/6.bmp;5
ORL Faces Database/s3/7.bmp;5
ORL Faces Database/s3/3.pgm;5
ORL Faces Database/s3/9.bmp;5
ORL Faces Database/s3/8.bmp;5
ORL Faces Database/s3/8.pgm;5
ORL Faces Database/s3/9.pgm;5
ORL Faces Database/s3/10.bmp;5
ORL Faces Database/s3/10.pgm;5
ORL Faces Database/s4/7.pgm;6
ORL Faces Database/s4/3.bmp;6
ORL Faces Database/s4/2.bmp;6
ORL Faces Database/s4/6.pgm;6
ORL Faces Database/s4/4.pgm;6
ORL Faces Database/s4/1.bmp;6
ORL Faces Database/s4/5.pgm;6
ORL Faces Database/s4/1.pgm;6
ORL Faces Database/s4/5.bmp;6
ORL Faces Database/s4/4.bmp;6
ORL Faces Database/s4/2.pgm;6
ORL Faces Database/s4/6.bmp;6
ORL Faces Database/s4/7.bmp;6
ORL Faces Database/s4/3.pgm;6
ORL Faces Database/s4/9.bmp;6
ORL Faces Database/s4/8.bmp;6
ORL Faces Database/s4/8.pgm;6
ORL Faces Database/s4/9.pgm;6
ORL Faces Database/s4/10.bmp;6
ORL Faces Database/s4/10.pgm;6
ORL Faces Database/s26/7.pgm;7
ORL Faces Database/s26/3.bmp;7
ORL Faces Database/s26/2.bmp;7
ORL Faces Database/s26/6.pgm;7
ORL Faces Database/s26/4.pgm;7
ORL Faces Database/s26/1.bmp;7
ORL Faces Database/s26/5.pgm;7
ORL Faces Database/s26/1.pgm;7
ORL Faces Database/s26/5.bmp;7
ORL Faces Database/s26/4.bmp;7
ORL Faces Database/s26/2.pgm;7
ORL Faces Database/s26/6.bmp;7
ORL Faces Database/s26/7.bmp;7
ORL Faces Database/s26/3.pgm;7
ORL Faces Database/s26/9.bmp;7
ORL Faces Database/s26/8.bmp;7
ORL Faces Database/s26/8.pgm;7
ORL Faces Database/s26/9.pgm;7
ORL Faces Database/s26/10.bmp;7
ORL Faces Database/s26/10.pgm;7
ORL Faces Database/s19/7.pgm;8
ORL Faces Database/s19/3.bmp;8
ORL Faces Database/s19/2.bmp;8
ORL Faces Database/s19/6.pgm;8
ORL Faces Database/s19/4.pgm;8
ORL Faces Database/s19/1.bmp;8
ORL Faces Database/s19/5.pgm;8
ORL Faces Database/s19/1.pgm;8
ORL Faces Database/s19/5.bmp;8
ORL Faces Database/s19/4.bmp;8
ORL Faces Database/s19/2.pgm;8
ORL Faces Database/s19/6.bmp;8
ORL Faces Database/s19/7.bmp;8
ORL Faces Database/s19/3.pgm;8
ORL Faces Database/s19/9.bmp;8
ORL Faces Database/s19/8.bmp;8
ORL Faces Database/s19/8.pgm;8
ORL Faces Database/s19/9.pgm;8
ORL Faces Database/s19/10.bmp;8
ORL Faces Database/s19/10.pgm;8
ORL Faces Database/s21/7.pgm;9
ORL Faces Database/s21/3.bmp;9
ORL Faces Database/s21/2.bmp;9
ORL Faces Database/s21/6.pgm;9
ORL Faces Database/s21/4.pgm;9
ORL Faces Database/s21/1.bmp;9
ORL Faces Database/s21/5.pgm;9
ORL Faces Database/s21/1.pgm;9
ORL Faces Database/s21/5.bmp;9
ORL Faces Database/s21/4.bmp;9
ORL Faces Database/s21/2.pgm;9
ORL Faces Database/s21/6.bmp;9
ORL Faces Database/s21/7.bmp;9
ORL Faces Database/s21/3.pgm;9
ORL Faces Database/s21/9.bmp;9
ORL Faces Database/s21/8.bmp;9
ORL Faces Database/s21/8.pgm;9
ORL Faces Database/s21/9.pgm;9
ORL Faces Database/s21/10.bmp;9
ORL Faces Database/s21/10.pgm;9
ORL Faces Database/s17/7.pgm;10
ORL Faces Database/s17/3.bmp;10
ORL Faces Database/s17/2.bmp;10
ORL Faces Database/s17/6.pgm;10
ORL Faces Database/s17/4.pgm;10
ORL Faces Database/s17/1.bmp;10
ORL Faces Database/s17/5.pgm;10
ORL Faces Database/s17/1.pgm;10
ORL Faces Database/s17/5.bmp;10
ORL Faces Database/s17/4.bmp;10
ORL Faces Database/s17/2.pgm;10
ORL Faces Database/s17/6.bmp;10
ORL Faces Database/s17/7.bmp;10
ORL Faces Database/s17/3.pgm;10
ORL Faces Database/s17/9.bmp;10
ORL Faces Database/s17/8.bmp;10
ORL Faces Database/s17/8.pgm;10
ORL Faces Database/s17/9.pgm;10
ORL Faces Database/s17/10.bmp;10
ORL Faces Database/s17/10.pgm;10
ORL Faces Database/s28/7.pgm;11
ORL Faces Database/s28/3.bmp;11
ORL Faces Database/s28/2.bmp;11
ORL Faces Database/s28/6.pgm;11
ORL Faces Database/s28/4.pgm;11
ORL Faces Database/s28/1.bmp;11
ORL Faces Database/s28/5.pgm;11
ORL Faces Database/s28/1.pgm;11
ORL Faces Database/s28/5.bmp;11
ORL Faces Database/s28/4.bmp;11
ORL Faces Database/s28/2.pgm;11
ORL Faces Database/s28/6.bmp;11
ORL Faces Database/s28/7.bmp;11
ORL Faces Database/s28/3.pgm;11
ORL Faces Database/s28/9.bmp;11
ORL Faces Database/s28/8.bmp;11
ORL Faces Database/s28/8.pgm;11
ORL Faces Database/s28/9.pgm;11
ORL Faces Database/s28/10.bmp;11
ORL Faces Database/s28/10.pgm;11
ORL Faces Database/s10/7.pgm;12
ORL Faces Database/s10/3.bmp;12
ORL Faces Database/s10/2.bmp;12
ORL Faces Database/s10/6.pgm;12
ORL Faces Database/s10/4.pgm;12
ORL Faces Database/s10/1.bmp;12
ORL Faces Database/s10/5.pgm;12
ORL Faces Database/s10/1.pgm;12
ORL Faces Database/s10/5.bmp;12
ORL Faces Database/s10/4.bmp;12
ORL Faces Database/s10/2.pgm;12
ORL Faces Database/s10/6.bmp;12
ORL Faces Database/s10/7.bmp;12
ORL Faces Database/s10/3.pgm;12
ORL Faces Database/s10/9.bmp;12
ORL Faces Database/s10/8.bmp;12
ORL Faces Database/s10/8.pgm;12
ORL Faces Database/s10/9.pgm;12
ORL Faces Database/s10/10.bmp;12
ORL Faces Database/s10/10.pgm;12
ORL Faces Database/s11/7.pgm;13
ORL Faces Database/s11/3.bmp;13
ORL Faces Database/s11/2.bmp;13
ORL Faces Database/s11/6.pgm;13
ORL Faces Database/s11/4.pgm;13
ORL Faces Database/s11/1.bmp;13
ORL Faces Database/s11/5.pgm;13
ORL Faces Database/s11/1.pgm;13
ORL Faces Database/s11/5.bmp;13
ORL Faces Database/s11/4.bmp;13
ORL Faces Database/s11/2.pgm;13
ORL Faces Database/s11/6.bmp;13
ORL Faces Database/s11/7.bmp;13
ORL Faces Database/s11/3.pgm;13
ORL Faces Database/s11/9.bmp;13
ORL Faces Database/s11/8.bmp;13
ORL Faces Database/s11/8.pgm;13
ORL Faces Database/s11/9.pgm;13
ORL Faces Database/s11/10.bmp;13
ORL Faces Database/s11/10.pgm;13
ORL Faces Database/s16/7.pgm;14
ORL Faces Database/s16/3.bmp;14
ORL Faces Database/s16/2.bmp;14
ORL Faces Database/s16/6.pgm;14
ORL Faces Database/s16/4.pgm;14
ORL Faces Database/s16/1.bmp;14
ORL Faces Database/s16/5.pgm;14
ORL Faces Database/s16/1.pgm;14
ORL Faces Database/s16/5.bmp;14
ORL Faces Database/s16/4.bmp;14
ORL Faces Database/s16/2.pgm;14
ORL Faces Database/s16/6.bmp;14
ORL Faces Database/s16/7.bmp;14
ORL Faces Database/s16/3.pgm;14
ORL Faces Database/s16/9.bmp;14
ORL Faces Database/s16/8.bmp;14
ORL Faces Database/s16/8.pgm;14
ORL Faces Database/s16/9.pgm;14
ORL Faces Database/s16/10.bmp;14
ORL Faces Database/s16/10.pgm;14
ORL Faces Database/s29/7.pgm;15
ORL Faces Database/s29/3.bmp;15
ORL Faces Database/s29/2.bmp;15
ORL Faces Database/s29/6.pgm;15
ORL Faces Database/s29/4.pgm;15
ORL Faces Database/s29/1.bmp;15
ORL Faces Database/s29/5.pgm;15
ORL Faces Database/s29/1.pgm;15
ORL Faces Database/s29/5.bmp;15
ORL Faces Database/s29/4.bmp;15
ORL Faces Database/s29/2.pgm;15
ORL Faces Database/s29/6.bmp;15
ORL Faces Database/s29/7.bmp;15
ORL Faces Database/s29/3.pgm;15
ORL Faces Database/s29/9.bmp;15
ORL Faces Database/s29/8.bmp;15
ORL Faces Database/s29/8.pgm;15
ORL Faces Database/s29/9.pgm;15
ORL Faces Database/s29/10.bmp;15
ORL Faces Database/s29/10.pgm;15
ORL Faces Database/s20/7.pgm;16
ORL Faces Database/s20/3.bmp;16
ORL Faces Database/s20/2.bmp;16
ORL Faces Database/s20/6.pgm;16
ORL Faces Database/s20/4.pgm;16
ORL Faces Database/s20/1.bmp;16
ORL Faces Database/s20/5.pgm;16
ORL Faces Database/s20/1.pgm;16
ORL Faces Database/s20/5.bmp;16
ORL Faces Database/s20/4.bmp;16
ORL Faces Database/s20/2.pgm;16
ORL Faces Database/s20/6.bmp;16
ORL Faces Database/s20/7.bmp;16
ORL Faces Database/s20/3.pgm;16
ORL Faces Database/s20/9.bmp;16
ORL Faces Database/s20/8.bmp;16
ORL Faces Database/s20/8.pgm;16
ORL Faces Database/s20/9.pgm;16
ORL Faces Database/s20/10.bmp;16
ORL Faces Database/s20/10.pgm;16
ORL Faces Database/s27/7.pgm;17
ORL Faces Database/s27/3.bmp;17
ORL Faces Database/s27/2.bmp;17
ORL Faces Database/s27/6.pgm;17
ORL Faces Database/s27/4.pgm;17
ORL Faces Database/s27/1.bmp;17
ORL Faces Database/s27/5.pgm;17
ORL Faces Database/s27/1.pgm;17
ORL Faces Database/s27/5.bmp;17
ORL Faces Database/s27/4.bmp;17
ORL Faces Database/s27/2.pgm;17
ORL Faces Database/s27/6.bmp;17
ORL Faces Database/s27/7.bmp;17
ORL Faces Database/s27/3.pgm;17
ORL Faces Database/s27/9.bmp;17
ORL Faces Database/s27/8.bmp;17
ORL Faces Database/s27/8.pgm;17
ORL Faces Database/s27/9.pgm;17
ORL Faces Database/s27/10.bmp;17
ORL Faces Database/s27/10.pgm;17
ORL Faces Database/s18/7.pgm;18
ORL Faces Database/s18/3.bmp;18
ORL Faces Database/s18/2.bmp;18
ORL Faces Database/s18/6.pgm;18
ORL Faces Database/s18/4.pgm;18
ORL Faces Database/s18/1.bmp;18
ORL Faces Database/s18/5.pgm;18
ORL Faces Database/s18/1.pgm;18
ORL Faces Database/s18/5.bmp;18
ORL Faces Database/s18/4.bmp;18
ORL Faces Database/s18/2.pgm;18
ORL Faces Database/s18/6.bmp;18
ORL Faces Database/s18/7.bmp;18
ORL Faces Database/s18/3.pgm;18
ORL Faces Database/s18/9.bmp;18
ORL Faces Database/s18/8.bmp;18
ORL Faces Database/s18/8.pgm;18
ORL Faces Database/s18/9.pgm;18
ORL Faces Database/s18/10.bmp;18
ORL Faces Database/s18/10.pgm;18
ORL Faces Database/s1/3.bmp;19
ORL Faces Database/s1/2.bmp;19
ORL Faces Database/s1/1.bmp;19
ORL Faces Database/s1/5.bmp;19
ORL Faces Database/s1/4.bmp;19
ORL Faces Database/s1/6.bmp;19
ORL Faces Database/s1/7.bmp;19
ORL Faces Database/s1/9.bmp;19
ORL Faces Database/s1/8.bmp;19
ORL Faces Database/s1/10.bmp;19
ORL Faces Database/s39/7.pgm;20
ORL Faces Database/s39/3.bmp;20
ORL Faces Database/s39/2.bmp;20
ORL Faces Database/s39/6.pgm;20
ORL Faces Database/s39/4.pgm;20
ORL Faces Database/s39/1.bmp;20
ORL Faces Database/s39/5.pgm;20
ORL Faces Database/s39/1.pgm;20
ORL Faces Database/s39/5.bmp;20
ORL Faces Database/s39/4.bmp;20
ORL Faces Database/s39/2.pgm;20
ORL Faces Database/s39/6.bmp;20
ORL Faces Database/s39/7.bmp;20
ORL Faces Database/s39/3.pgm;20
ORL Faces Database/s39/9.bmp;20
ORL Faces Database/s39/8.bmp;20
ORL Faces Database/s39/8.pgm;20
ORL Faces Database/s39/9.pgm;20
ORL Faces Database/s39/10.bmp;20
ORL Faces Database/s39/10.pgm;20
ORL Faces Database/s30/7.pgm;21
ORL Faces Database/s30/3.bmp;21
ORL Faces Database/s30/2.bmp;21
ORL Faces Database/s30/6.pgm;21
ORL Faces Database/s30/4.pgm;21
ORL Faces Database/s30/1.bmp;21
ORL Faces Database/s30/5.pgm;21
ORL Faces Database/s30/1.pgm;21
ORL Faces Database/s30/5.bmp;21
ORL Faces Database/s30/4.bmp;21
ORL Faces Database/s30/2.pgm;21
ORL Faces Database/s30/6.bmp;21
ORL Faces Database/s30/7.bmp;21
ORL Faces Database/s30/3.pgm;21
ORL Faces Database/s30/9.bmp;21
ORL Faces Database/s30/8.bmp;21
ORL Faces Database/s30/8.pgm;21
ORL Faces Database/s30/9.pgm;21
ORL Faces Database/s30/10.bmp;21
ORL Faces Database/s30/10.pgm;21
ORL Faces Database/s37/7.pgm;22
ORL Faces Database/s37/3.bmp;22
ORL Faces Database/s37/2.bmp;22
ORL Faces Database/s37/6.pgm;22
ORL Faces Database/s37/4.pgm;22
ORL Faces Database/s37/1.bmp;22
ORL Faces Database/s37/5.pgm;22
ORL Faces Database/s37/1.pgm;22
ORL Faces Database/s37/5.bmp;22
ORL Faces Database/s37/4.bmp;22
ORL Faces Database/s37/2.pgm;22
ORL Faces Database/s37/6.bmp;22
ORL Faces Database/s37/7.bmp;22
ORL Faces Database/s37/3.pgm;22
ORL Faces Database/s37/9.bmp;22
ORL Faces Database/s37/8.bmp;22
ORL Faces Database/s37/8.pgm;22
ORL Faces Database/s37/9.pgm;22
ORL Faces Database/s37/10.bmp;22
ORL Faces Database/s37/10.pgm;22
ORL Faces Database/s36/7.pgm;23
ORL Faces Database/s36/3.bmp;23
ORL Faces Database/s36/2.bmp;23
ORL Faces Database/s36/6.pgm;23
ORL Faces Database/s36/4.pgm;23
ORL Faces Database/s36/1.bmp;23
ORL Faces Database/s36/5.pgm;23
ORL Faces Database/s36/1.pgm;23
ORL Faces Database/s36/5.bmp;23
ORL Faces Database/s36/4.bmp;23
ORL Faces Database/s36/2.pgm;23
ORL Faces Database/s36/6.bmp;23
ORL Faces Database/s36/7.bmp;23
ORL Faces Database/s36/3.pgm;23
ORL Faces Database/s36/9.bmp;23
ORL Faces Database/s36/8.bmp;23
ORL Faces Database/s36/8.pgm;23
ORL Faces Database/s36/9.pgm;23
ORL Faces Database/s36/10.bmp;23
ORL Faces Database/s36/10.pgm;23
ORL Faces Database/s31/7.pgm;24
ORL Faces Database/s31/3.bmp;24
ORL Faces Database/s31/2.bmp;24
ORL Faces Database/s31/6.pgm;24
ORL Faces Database/s31/4.pgm;24
ORL Faces Database/s31/1.bmp;24
ORL Faces Database/s31/5.pgm;24
ORL Faces Database/s31/1.pgm;24
ORL Faces Database/s31/5.bmp;24
ORL Faces Database/s31/4.bmp;24
ORL Faces Database/s31/2.pgm;24
ORL Faces Database/s31/6.bmp;24
ORL Faces Database/s31/7.bmp;24
ORL Faces Database/s31/3.pgm;24
ORL Faces Database/s31/9.bmp;24
ORL Faces Database/s31/8.bmp;24
ORL Faces Database/s31/8.pgm;24
ORL Faces Database/s31/9.pgm;24
ORL Faces Database/s31/10.bmp;24
ORL Faces Database/s31/10.pgm;24
ORL Faces Database/s38/7.pgm;25
ORL Faces Database/s38/3.bmp;25
ORL Faces Database/s38/2.bmp;25
ORL Faces Database/s38/6.pgm;25
ORL Faces Database/s38/4.pgm;25
ORL Faces Database/s38/1.bmp;25
ORL Faces Database/s38/5.pgm;25
ORL Faces Database/s38/1.pgm;25
ORL Faces Database/s38/5.bmp;25
ORL Faces Database/s38/4.bmp;25
ORL Faces Database/s38/2.pgm;25
ORL Faces Database/s38/6.bmp;25
ORL Faces Database/s38/7.bmp;25
ORL Faces Database/s38/3.pgm;25
ORL Faces Database/s38/9.bmp;25
ORL Faces Database/s38/8.bmp;25
ORL Faces Database/s38/8.pgm;25
ORL Faces Database/s38/9.pgm;25
ORL Faces Database/s38/10.bmp;25
ORL Faces Database/s38/10.pgm;25
ORL Faces Database/s22/7.pgm;26
ORL Faces Database/s22/3.bmp;26
ORL Faces Database/s22/2.bmp;26
ORL Faces Database/s22/6.pgm;26
ORL Faces Database/s22/4.pgm;26
ORL Faces Database/s22/1.bmp;26
ORL Faces Database/s22/5.pgm;26
ORL Faces Database/s22/1.pgm;26
ORL Faces Database/s22/5.bmp;26
ORL Faces Database/s22/4.bmp;26
ORL Faces Database/s22/2.pgm;26
ORL Faces Database/s22/6.bmp;26
ORL Faces Database/s22/7.bmp;26
ORL Faces Database/s22/3.pgm;26
ORL Faces Database/s22/9.bmp;26
ORL Faces Database/s22/8.bmp;26
ORL Faces Database/s22/8.pgm;26
ORL Faces Database/s22/9.pgm;26
ORL Faces Database/s22/10.bmp;26
ORL Faces Database/s22/10.pgm;26
ORL Faces Database/s25/7.pgm;27
ORL Faces Database/s25/3.bmp;27
ORL Faces Database/s25/2.bmp;27
ORL Faces Database/s25/6.pgm;27
ORL Faces Database/s25/4.pgm;27
ORL Faces Database/s25/1.bmp;27
ORL Faces Database/s25/5.pgm;27
ORL Faces Database/s25/1.pgm;27
ORL Faces Database/s25/5.bmp;27
ORL Faces Database/s25/4.bmp;27
ORL Faces Database/s25/2.pgm;27
ORL Faces Database/s25/6.bmp;27
ORL Faces Database/s25/7.bmp;27
ORL Faces Database/s25/3.pgm;27
ORL Faces Database/s25/9.bmp;27
ORL Faces Database/s25/8.bmp;27
ORL Faces Database/s25/8.pgm;27
ORL Faces Database/s25/9.pgm;27
ORL Faces Database/s25/10.bmp;27
ORL Faces Database/s25/10.pgm;27
ORL Faces Database/s13/7.pgm;28
ORL Faces Database/s13/3.bmp;28
ORL Faces Database/s13/2.bmp;28
ORL Faces Database/s13/6.pgm;28
ORL Faces Database/s13/4.pgm;28
ORL Faces Database/s13/1.bmp;28
ORL Faces Database/s13/5.pgm;28
ORL Faces Database/s13/1.pgm;28
ORL Faces Database/s13/5.bmp;28
ORL Faces Database/s13/4.bmp;28
ORL Faces Database/s13/2.pgm;28
ORL Faces Database/s13/6.bmp;28
ORL Faces Database/s13/7.bmp;28
ORL Faces Database/s13/3.pgm;28
ORL Faces Database/s13/9.bmp;28
ORL Faces Database/s13/8.bmp;28
ORL Faces Database/s13/8.pgm;28
ORL Faces Database/s13/9.pgm;28
ORL Faces Database/s13/10.bmp;28
ORL Faces Database/s13/10.pgm;28
ORL Faces Database/s14/7.pgm;29
ORL Faces Database/s14/3.bmp;29
ORL Faces Database/s14/2.bmp;29
ORL Faces Database/s14/6.pgm;29
ORL Faces Database/s14/4.pgm;29
ORL Faces Database/s14/1.bmp;29
ORL Faces Database/s14/5.pgm;29
ORL Faces Database/s14/1.pgm;29
ORL Faces Database/s14/5.bmp;29
ORL Faces Database/s14/4.bmp;29
ORL Faces Database/s14/2.pgm;29
ORL Faces Database/s14/6.bmp;29
ORL Faces Database/s14/7.bmp;29
ORL Faces Database/s14/3.pgm;29
ORL Faces Database/s14/9.bmp;29
ORL Faces Database/s14/8.bmp;29
ORL Faces Database/s14/8.pgm;29
ORL Faces Database/s14/9.pgm;29
ORL Faces Database/s14/10.bmp;29
ORL Faces Database/s14/10.pgm;29
ORL Faces Database/s40/7.pgm;30
ORL Faces Database/s40/6.pgm;30
ORL Faces Database/s40/4.pgm;30
ORL Faces Database/s40/1.bmp;30
ORL Faces Database/s40/5.pgm;30
ORL Faces Database/s40/1.pgm;30
ORL Faces Database/s40/2.pgm;30
ORL Faces Database/s40/3.pgm;30
ORL Faces Database/s40/8.pgm;30
ORL Faces Database/s40/9.pgm;30
ORL Faces Database/s40/10.bmp;30
ORL Faces Database/s40/10.pgm;30
ORL Faces Database/s15/7.pgm;31
ORL Faces Database/s15/3.bmp;31
ORL Faces Database/s15/2.bmp;31
ORL Faces Database/s15/6.pgm;31
ORL Faces Database/s15/4.pgm;31
ORL Faces Database/s15/1.bmp;31
ORL Faces Database/s15/5.pgm;31
ORL Faces Database/s15/1.pgm;31
ORL Faces Database/s15/5.bmp;31
ORL Faces Database/s15/4.bmp;31
ORL Faces Database/s15/2.pgm;31
ORL Faces Database/s15/6.bmp;31
ORL Faces Database/s15/7.bmp;31
ORL Faces Database/s15/3.pgm;31
ORL Faces Database/s15/9.bmp;31
ORL Faces Database/s15/8.bmp;31
ORL Faces Database/s15/8.pgm;31
ORL Faces Database/s15/9.pgm;31
ORL Faces Database/s15/10.bmp;31
ORL Faces Database/s15/10.pgm;31
ORL Faces Database/s12/7.pgm;32
ORL Faces Database/s12/3.bmp;32
ORL Faces Database/s12/2.bmp;32
ORL Faces Database/s12/6.pgm;32
ORL Faces Database/s12/4.pgm;32
ORL Faces Database/s12/1.bmp;32
ORL Faces Database/s12/5.pgm;32
ORL Faces Database/s12/1.pgm;32
ORL Faces Database/s12/5.bmp;32
ORL Faces Database/s12/4.bmp;32
ORL Faces Database/s12/2.pgm;32
ORL Faces Database/s12/6.bmp;32
ORL Faces Database/s12/7.bmp;32
ORL Faces Database/s12/3.pgm;32
ORL Faces Database/s12/9.bmp;32
ORL Faces Database/s12/8.bmp;32
ORL Faces Database/s12/8.pgm;32
ORL Faces Database/s12/9.pgm;32
ORL Faces Database/s12/10.bmp;32
ORL Faces Database/s12/10.pgm;32
ORL Faces Database/s24/7.pgm;33
ORL Faces Database/s24/3.bmp;33
ORL Faces Database/s24/2.bmp;33
ORL Faces Database/s24/6.pgm;33
ORL Faces Database/s24/4.pgm;33
ORL Faces Database/s24/1.bmp;33
ORL Faces Database/s24/5.pgm;33
ORL Faces Database/s24/1.pgm;33
ORL Faces Database/s24/5.bmp;33
ORL Faces Database/s24/4.bmp;33
ORL Faces Database/s24/2.pgm;33
ORL Faces Database/s24/6.bmp;33
ORL Faces Database/s24/7.bmp;33
ORL Faces Database/s24/3.pgm;33
ORL Faces Database/s24/9.bmp;33
ORL Faces Database/s24/8.bmp;33
ORL Faces Database/s24/8.pgm;33
ORL Faces Database/s24/9.pgm;33
ORL Faces Database/s24/10.bmp;33
ORL Faces Database/s24/10.pgm;33
ORL Faces Database/s23/7.pgm;34
ORL Faces Database/s23/3.bmp;34
ORL Faces Database/s23/2.bmp;34
ORL Faces Database/s23/6.pgm;34
ORL Faces Database/s23/4.pgm;34
ORL Faces Database/s23/1.bmp;34
ORL Faces Database/s23/5.pgm;34
ORL Faces Database/s23/1.pgm;34
ORL Faces Database/s23/5.bmp;34
ORL Faces Database/s23/4.bmp;34
ORL Faces Database/s23/2.pgm;34
ORL Faces Database/s23/6.bmp;34
ORL Faces Database/s23/7.bmp;34
ORL Faces Database/s23/3.pgm;34
ORL Faces Database/s23/9.bmp;34
ORL Faces Database/s23/8.bmp;34
ORL Faces Database/s23/8.pgm;34
ORL Faces Database/s23/9.pgm;34
ORL Faces Database/s23/10.bmp;34
ORL Faces Database/s23/10.pgm;34
ORL Faces Database/.idea/inspectionProfiles;35
ORL Faces Database/.idea/vcs.xml;35
ORL Faces Database/.idea/.gitignore;35
ORL Faces Database/.idea/workspace.xml;35
ORL Faces Database/.idea/modules.xml;35
ORL Faces Database/.idea/ORL Faces Database.iml;35
ORL Faces Database/.idea/misc.xml;35
ORL Faces Database/.idea/inspectionProfiles/profiles_settings.xml;36
